{"val.total_ips": {"1": {"64": {"syntetic": 441.3912947223894, "dali-gpu": 431.3528770793685, "dali-cpu": 423.4850620653645, "pytorch": 433.735500686603}, "48": {"syntetic": 427.7147620298492, "dali-gpu": 411.5804961131285, "dali-cpu": 409.0158799915313, "pytorch": 417.4748278574389}, "32": {"syntetic": 371.73885731215216, "dali-gpu": 377.4366906618843, "dali-cpu": 377.73313993463114, "pytorch": 390.26883491188414}}}, "val.compute_ips": {"1": {"64": {"syntetic": 441.51300276583515, "dali-gpu": 432.81614737655855, "dali-cpu": 435.4174215307537, "pytorch": 435.7913008514233}, "48": {"syntetic": 427.8756048394715, "dali-gpu": 412.8435938911087, "dali-cpu": 410.441087098267, "pytorch": 419.81313460626984}, "32": {"syntetic": 371.8984904930136, "dali-gpu": 378.80878291357703, "dali-cpu": 379.1696634100036, "pytorch": 392.70807317626594}}}, "val.compute_latency": {"1": {"64": {"syntetic": 0.14495672498430526, "dali-gpu": 0.14787231416118388, "dali-cpu": 0.14698637748251156, "pytorch": 0.14686099850401588}, "48": {"syntetic": 0.11218292615851577, "dali-gpu": 0.11627222567188497, "dali-cpu": 0.11695061411176409, "pytorch": 0.11433796736658836}, "32": {"syntetic": 0.08604681005283278, "dali-gpu": 0.08448152396143699, "dali-cpu": 0.08439950553738342, "pytorch": 0.08148616673995038}}}}