{"train.total_ips": {"1": {"64": {"syntetic": 124.57063136737206, "dali-gpu": 123.71884168201132, "dali-cpu": 124.6703407595337, "pytorch": 124.52409701715767}, "48": {"syntetic": 121.31013390445413, "dali-gpu": 119.87595978923055, "dali-cpu": 120.8407231445935, "pytorch": 119.58228535111016}, "32": {"syntetic": 109.54480951504195, "dali-gpu": 109.19563394984714, "dali-cpu": 109.17666687264335, "pytorch": 109.49760427876308}}, "8": {"64": {"syntetic": 965.8023726285271, "dali-gpu": 955.6157632873521, "dali-cpu": 963.216469798001, "pytorch": 955.8280131515313}, "48": {"syntetic": 926.4749929174424, "dali-gpu": 908.5206378621748, "dali-cpu": 926.7723289818268, "pytorch": 919.0595343058171}, "32": {"syntetic": 818.3160804431021, "dali-gpu": 812.271522109566, "dali-cpu": 813.2885602221628, "pytorch": 810.1812222145975}}}}