{"train.total_ips": {"1": {"64": {"syntetic": 127.72632655873242, "dali-gpu": -1.0, "dali-cpu": 127.78309078916004, "pytorch": 127.21154127228348}, "48": {"syntetic": 123.51314798472333, "dali-gpu": 123.13619783076382, "dali-cpu": 123.52824535090393, "pytorch": 124.27732985117355}, "32": {"syntetic": 112.3987479859021, "dali-gpu": 110.74861303154951, "dali-cpu": 111.1221802432247, "pytorch": 110.9845542665793}}, "8": {"64": {"syntetic": 981.5152411323847, "dali-gpu": -1.0, "dali-cpu": 977.4827283362018, "pytorch": 972.2577877996839}, "48": {"syntetic": 942.8737988224497, "dali-gpu": 932.4507782389231, "dali-cpu": 931.718497548451, "pytorch": 932.9325293285634}, "32": {"syntetic": 837.1333479269967, "dali-gpu": 822.1450206357838, "dali-cpu": 832.2057245603484, "pytorch": 823.448914953462}}}}