{"val.total_ips": {"1": {"64": {"syntetic": 448.9946767454216, "dali-gpu": 443.2315530036938, "dali-cpu": 418.8515742854485, "pytorch": 436.2231812766261}, "48": {"syntetic": 433.936976723971, "dali-gpu": 418.48541890725863, "dali-cpu": 414.7830682024423, "pytorch": 442.50520933335883}, "32": {"syntetic": 401.18634919119995, "dali-gpu": 389.9738301004086, "dali-cpu": 373.6394595597055, "pytorch": 395.38670912159984}}}, "val.compute_ips": {"1": {"64": {"syntetic": 449.11464265467225, "dali-gpu": 444.4255662781259, "dali-cpu": 438.42498393899876, "pytorch": 438.17034186159964}, "48": {"syntetic": 434.07783480535585, "dali-gpu": 419.82032340013177, "dali-cpu": 419.12211118812, "pytorch": 444.63232509727004}, "32": {"syntetic": 401.3866108945411, "dali-gpu": 391.5578461403475, "dali-cpu": 374.92490448126836, "pytorch": 397.6334238074275}}}, "val.compute_latency": {"1": {"64": {"syntetic": 0.14250333698428408, "dali-gpu": 0.14400784336790748, "dali-cpu": 0.14597950176316865, "pytorch": 0.14606562925844777}, "48": {"syntetic": 0.11058146369700529, "dali-gpu": 0.11433925434034697, "dali-cpu": 0.11453410800622434, "pytorch": 0.10795522465997813}, "32": {"syntetic": 0.07972429966440006, "dali-gpu": 0.08173013220028001, "dali-cpu": 0.08535430139424849, "pytorch": 0.08047699441715163}}}}