{"val.total_ips": {"1": {"64": {"syntetic": 456.27125245955983, "dali-gpu": 397.5637947878707, "dali-cpu": 391.68857375789867, "pytorch": 455.765919137127}, "48": {"syntetic": 443.8567801525436, "dali-gpu": 391.80493921101873, "dali-cpu": 397.9234644002559, "pytorch": 454.9650311616102}, "32": {"syntetic": 400.9438418063852, "dali-gpu": 392.7680908269531, "dali-cpu": 390.38781851132524, "pytorch": 400.6811579232947}}}, "val.compute_ips": {"1": {"64": {"syntetic": 456.43838813410594, "dali-gpu": 465.61001853646525, "dali-cpu": 462.7254461759301, "pytorch": 457.8252321013743}, "48": {"syntetic": 444.0557267712372, "dali-gpu": 447.5693455481929, "dali-cpu": 449.2672329119747, "pytorch": 457.4482472694192}, "32": {"syntetic": 401.20577515137194, "dali-gpu": 394.58022515070434, "dali-cpu": 394.14370205747207, "pytorch": 403.23215462686613}}}, "val.compute_latency": {"1": {"64": {"syntetic": 0.14021680549699433, "dali-gpu": 0.13745509848302725, "dali-cpu": 0.1383114007054543, "pytorch": 0.1397928778006106}, "48": {"syntetic": 0.1080946581704276, "dali-gpu": 0.10724840602096246, "dali-cpu": 0.10684192180633545, "pytorch": 0.10493034489300786}, "32": {"syntetic": 0.07975982889837148, "dali-gpu": 0.08110033979221266, "dali-cpu": 0.08119009222303118, "pytorch": 0.07935965061187744}}}}