{"train.total_ips": {"1": {"64": {"syntetic": 130.65937862417584, "dali-gpu": 130.85367712485532, "dali-cpu": 130.55933068788872, "pytorch": 130.7616280128463}, "48": {"syntetic": 123.44543527289011, "dali-gpu": 124.90058456061233, "dali-cpu": 125.87499813064855, "pytorch": 125.11923466003351}, "32": {"syntetic": 108.6540786742431, "dali-gpu": 110.43468829819517, "dali-cpu": 111.11490818561703, "pytorch": 110.13309732636574}}, "16": {"64": {"syntetic": 1968.3127153902064, "dali-gpu": 1914.9606524103244, "dali-cpu": 1953.5370702657226, "pytorch": 1489.0240811130861}, "48": {"syntetic": 1820.1602568669466, "dali-gpu": 1675.9642154997307, "dali-cpu": 1854.5071162808792, "pytorch": 1195.91736817522}, "32": {"syntetic": 1603.6647968162154, "dali-gpu": 1501.0403077985186, "dali-cpu": 1590.3455815101336, "pytorch": 801.8250343947971}}}}