{"val.total_ips": {"1": {"64": {"syntetic": 422.3245983384837, "dali-gpu": 403.95256221730864, "dali-cpu": 384.9244907769744, "pytorch": 411.1443562071467}, "32": {"syntetic": 370.92918073049435, "dali-gpu": 358.1585586726118, "dali-cpu": 356.2087976161642, "pytorch": 366.5114268041405}, "16": {"syntetic": 333.04870948025155, "dali-gpu": 317.1369707737123, "dali-cpu": 320.2410510238583, "pytorch": 327.4284733181943}, "8": {"syntetic": 276.870961210172, "dali-gpu": 267.3360320033381, "dali-cpu": 264.65622184439576, "pytorch": 241.28891251591315}, "4": {"syntetic": 165.95630778928074, "dali-gpu": 160.58773812244934, "dali-cpu": 166.6253420877321, "pytorch": 135.8703421208179}, "2": {"syntetic": 72.81611934918156, "dali-gpu": 85.18655911430386, "dali-cpu": 82.37347010538446, "pytorch": 69.63219857972416}, "1": {"syntetic": 36.926352152382314, "dali-gpu": 40.480363200662936, "dali-cpu": 38.595897314905464, "pytorch": 32.818951572198756}}}, "val.compute_ips": {"1": {"64": {"syntetic": 422.4444346119603, "dali-gpu": 409.03123869656287, "dali-cpu": 409.9779663742838, "pytorch": 412.5915957956404}, "32": {"syntetic": 371.11974098458626, "dali-gpu": 359.2687264686264, "dali-cpu": 357.165222756867, "pytorch": 368.6827816689029}, "16": {"syntetic": 333.3381130917118, "dali-gpu": 318.5192552930372, "dali-cpu": 321.7594983442485, "pytorch": 331.26979358897506}, "8": {"syntetic": 277.2521250537177, "dali-gpu": 269.0807135423117, "dali-cpu": 266.3607392620643, "pytorch": 247.46069038753495}, "4": {"syntetic": 166.23292341534474, "dali-gpu": 161.80981201145957, "dali-cpu": 167.95730201555762, "pytorch": 140.74135906232794}, "2": {"syntetic": 72.92620443141743, "dali-gpu": 85.86855411509674, "dali-cpu": 83.01973182734272, "pytorch": 73.01188078228833}, "1": {"syntetic": 36.98309263498625, "dali-gpu": 40.80524143258094, "dali-cpu": 38.89981889106032, "pytorch": 33.46221365090109}}}, "val.compute_latency": {"1": {"64": {"syntetic": 0.15149947088591906, "dali-gpu": 0.15647103105272567, "dali-cpu": 0.15611141068594797, "pytorch": 0.15511946775475327}, "32": {"syntetic": 0.08622607163020543, "dali-gpu": 0.08907684501336545, "dali-cpu": 0.08959802559443883, "pytorch": 0.08679625209496945}, "16": {"syntetic": 0.04799968125868817, "dali-gpu": 0.05023572152974654, "dali-cpu": 0.04973043714250837, "pytorch": 0.048299937832112214}, "8": {"syntetic": 0.02885878086090088, "dali-gpu": 0.02974589746825549, "dali-cpu": 0.030042546136038645, "pytorch": 0.03245770201391103}, "4": {"syntetic": 0.024066243852887834, "dali-gpu": 0.024730575327970544, "dali-cpu": 0.023823261260986328, "pytorch": 0.02867500149473852}, "2": {"syntetic": 0.027443272726876394, "dali-gpu": 0.023311532273584484, "dali-cpu": 0.024098325748832857, "pytorch": 0.02757650735426922}, "1": {"syntetic": 0.02705063868542107, "dali-gpu": 0.024636086152524363, "dali-cpu": 0.025828685079302107, "pytorch": 0.030036237775063028}}}}