{"val.total_ips": {"1": {"64": {"syntetic": 474.89802799388065, "dali-gpu": 444.03784985299694, "dali-cpu": 444.9228788654183, "pytorch": 469.5533727544233}, "48": {"syntetic": 473.58428715353296, "dali-gpu": 462.1499664442748, "dali-cpu": 434.77365689879275, "pytorch": 470.596006481376}, "32": {"syntetic": 418.2593064437774, "dali-gpu": 407.3637706636999, "dali-cpu": 417.9750862000426, "pytorch": 422.92228948775676}}}, "val.compute_ips": {"1": {"64": {"syntetic": 475.0380065822588, "dali-gpu": 472.3936738643631, "dali-cpu": 472.2928634126368, "pytorch": 471.88539458024104}, "48": {"syntetic": 473.76635682188265, "dali-gpu": 463.6632758241401, "dali-cpu": 447.8073890981523, "pytorch": 473.3418544774087}, "32": {"syntetic": 418.48274841029973, "dali-gpu": 409.0312275966027, "dali-cpu": 419.7264861923204, "pytorch": 426.14068652080584}}}, "val.compute_latency": {"1": {"64": {"syntetic": 0.13472757777389216, "dali-gpu": 0.13548237936837332, "dali-cpu": 0.13551106015030218, "pytorch": 0.13562767359675193}, "48": {"syntetic": 0.1013165906983979, "dali-gpu": 0.10352958465109066, "dali-cpu": 0.10719535788711236, "pytorch": 0.10140757171475158}, "32": {"syntetic": 0.07646857962316396, "dali-gpu": 0.07824007345705616, "dali-cpu": 0.07624332272276586, "pytorch": 0.07509364887159697}}}}