{"train.total_ips": {"1": {"64": {"syntetic": 142.71871670996742, "dali-gpu": 141.90189028565692, "dali-cpu": 141.47854531595368, "pytorch": 142.85643741849807}, "48": {"syntetic": 139.4774310436262, "dali-gpu": 139.41638882506336, "dali-cpu": 139.58913295624183, "pytorch": 139.27547624638788}, "32": {"syntetic": 127.53334515852052, "dali-gpu": 126.97270086584864, "dali-cpu": 127.60146859392965, "pytorch": 126.7710534329784}}, "8": {"64": {"syntetic": 1109.389537789071, "dali-gpu": 1100.3945560135794, "dali-cpu": 1099.0788381734799, "pytorch": 1105.1787186133843}, "48": {"syntetic": 1070.0454950822343, "dali-gpu": 1075.4408604137227, "dali-cpu": 1082.5036182363253, "pytorch": 1065.9010462285405}, "32": {"syntetic": 913.7466797312871, "dali-gpu": 960.1794430140935, "dali-cpu": 957.1042646882456, "pytorch": 955.8523641300541}}}}