{"val.total_ips": {"1": {"64": {"syntetic": 486.1700856745163, "dali-gpu": 469.10186678283367, "dali-cpu": 449.1621248361752, "pytorch": 480.11948896763306}, "48": {"syntetic": 479.96964176573476, "dali-gpu": 444.17532776024734, "dali-cpu": 461.08418742481956, "pytorch": 476.95396033328166}, "32": {"syntetic": 436.6398623188861, "dali-gpu": 423.69319159858827, "dali-cpu": 399.66936937670886, "pytorch": 407.0798637763036}}}, "val.compute_ips": {"1": {"64": {"syntetic": 486.3141412271523, "dali-gpu": 475.47940366862184, "dali-cpu": 480.09446364924054, "pytorch": 482.2179640586689}, "48": {"syntetic": 480.1578201387743, "dali-gpu": 458.9597446686754, "dali-cpu": 473.5489232458439, "pytorch": 479.5671918817819}, "32": {"syntetic": 436.8589710700865, "dali-gpu": 425.4029222257486, "dali-cpu": 401.24131096629225, "pytorch": 409.75647265214377}}}, "val.compute_latency": {"1": {"64": {"syntetic": 0.13160333341481734, "dali-gpu": 0.1346064076131704, "dali-cpu": 0.1333094835281372, "pytorch": 0.13272454543989531}, "48": {"syntetic": 0.09996816333459348, "dali-gpu": 0.1045913720617489, "dali-cpu": 0.10136681430193843, "pytorch": 0.1000910218881101}, "32": {"syntetic": 0.0732509895246856, "dali-gpu": 0.07522598578005421, "dali-cpu": 0.07975798237080477, "pytorch": 0.07809792246137347}}}}