{"train.total_ips": {"1": {"64": {"syntetic": 145.5537035390948, "dali-gpu": 145.34042999558875, "dali-cpu": 146.11573107650293, "pytorch": 146.66884149592372}, "48": {"syntetic": 142.47395304326014, "dali-gpu": 141.97076422681587, "dali-cpu": 142.68963429074032, "pytorch": 142.55064827722143}, "32": {"syntetic": 130.53821256638125, "dali-gpu": 130.35637330153872, "dali-cpu": 130.46219584207057, "pytorch": 127.32878031759154}}, "8": {"64": {"syntetic": 1119.4102036666584, "dali-gpu": 1105.2818040287593, "dali-cpu": 1111.9279223507556, "pytorch": 1109.2203748643403}, "48": {"syntetic": 1073.7653868037416, "dali-gpu": 1066.6222830362462, "dali-cpu": 1077.8352144256241, "pytorch": 1076.8888650293693}, "32": {"syntetic": 923.734648363054, "dali-gpu": 968.9748069008383, "dali-cpu": 967.3267952644563, "pytorch": 964.6329051316437}}}}