{"train.total_ips": {"1": {"64": {"syntetic": 151.09564168427931, "dali-gpu": 151.46401718203657, "dali-cpu": 150.69061769173237, "pytorch": 151.67625888867536}, "48": {"syntetic": 147.05166593905776, "dali-gpu": 145.69203276322907, "dali-cpu": 146.30465562702787, "pytorch": 146.24953286398855}, "32": {"syntetic": 131.48649940086355, "dali-gpu": 130.76016161854318, "dali-cpu": 130.74061491434284, "pytorch": 131.01977291481413}}, "16": {"64": {"syntetic": 2253.2158089186228, "dali-gpu": 2227.2297306893765, "dali-cpu": 2261.9632910030473, "pytorch": 1565.9893882075928}, "48": {"syntetic": 2133.3760740125335, "dali-gpu": 2069.97892317736, "dali-cpu": 2100.173493914694, "pytorch": 1316.986542406072}, "32": {"syntetic": 1750.71282016548, "dali-gpu": 1723.6878470407567, "dali-cpu": 1799.2340807602573, "pytorch": 910.5507299491849}}}}