{"val.total_ips": {"1": {"64": {"syntetic": 501.6755745773479, "dali-gpu": 423.69240960320616, "dali-cpu": 427.2247450814148, "pytorch": 505.2179364475124}, "48": {"syntetic": 486.06078654429086, "dali-gpu": 406.4150460989236, "dali-cpu": 413.47788904276246, "pytorch": 494.3758665177429}, "32": {"syntetic": 452.11566089009483, "dali-gpu": 421.18044372358173, "dali-cpu": 411.9309540927715, "pytorch": 448.7816126428386}}}, "val.compute_ips": {"1": {"64": {"syntetic": 501.8820250321519, "dali-gpu": 498.6459157337649, "dali-cpu": 509.1725852323187, "pytorch": 510.22797612429804}, "48": {"syntetic": 486.30260892441197, "dali-gpu": 483.6974018863627, "dali-cpu": 494.80367889570033, "pytorch": 498.2714465656346}, "32": {"syntetic": 452.4215853517166, "dali-gpu": 438.2279986923818, "dali-cpu": 436.6881121458653, "pytorch": 452.2725631614808}}}, "val.compute_latency": {"1": {"64": {"syntetic": 0.12752105751816106, "dali-gpu": 0.12834929203500553, "dali-cpu": 0.12569481985909597, "pytorch": 0.1254344789349303}, "48": {"syntetic": 0.09870407046103964, "dali-gpu": 0.09923667080548344, "dali-cpu": 0.09701052977114308, "pytorch": 0.09633338937954027}, "32": {"syntetic": 0.07073071781469852, "dali-gpu": 0.0730233873639788, "dali-cpu": 0.07328284759910739, "pytorch": 0.07075409256682104}}}}