{"val.total_ips": {"1": {"64": {"syntetic": 442.61058720755835, "dali-gpu": 407.72796249950943, "dali-cpu": 417.39469052898477, "pytorch": 449.6900313294805}, "32": {"syntetic": 403.4393369233439, "dali-gpu": 391.40569278627135, "dali-cpu": 379.88607480505107, "pytorch": 402.03297400751154}, "16": {"syntetic": 367.07093468828174, "dali-gpu": 352.22246759810173, "dali-cpu": 350.97139851803394, "pytorch": 323.4027831141777}, "8": {"syntetic": 307.37673921087935, "dali-gpu": 293.2308708789831, "dali-cpu": 295.5112562615647, "pytorch": 290.6080433268823}, "4": {"syntetic": 230.60189796410145, "dali-gpu": 220.0784515403341, "dali-cpu": 206.65915045426803, "pytorch": 165.73839802435995}, "2": {"syntetic": 114.6418928174766, "dali-gpu": 106.04516531173932, "dali-cpu": 112.07586705156555, "pytorch": 82.72255865349698}, "1": {"syntetic": 58.09750851212363, "dali-gpu": 54.90972275293815, "dali-cpu": 53.439312513132975, "pytorch": 39.25333431216836}}}, "val.compute_ips": {"1": {"64": {"syntetic": 442.74002332236086, "dali-gpu": 446.614595108638, "dali-cpu": 456.81578526263434, "pytorch": 451.40548873718245}, "32": {"syntetic": 403.65185236935423, "dali-gpu": 392.5749842293664, "dali-cpu": 381.0337220316794, "pytorch": 404.63338711084015}, "16": {"syntetic": 367.39243078045143, "dali-gpu": 353.7985153214617, "dali-cpu": 352.4983609812878, "pytorch": 325.82968058274145}, "8": {"syntetic": 307.89540146068015, "dali-gpu": 295.2534411914467, "dali-cpu": 297.7917554760935, "pytorch": 304.0480701205091}, "4": {"syntetic": 231.10364765625982, "dali-gpu": 222.27132985627958, "dali-cpu": 208.59761444085277, "pytorch": 182.3977112378014}, "2": {"syntetic": 114.88756227484383, "dali-gpu": 107.10841227590184, "dali-cpu": 113.25488166908866, "pytorch": 91.3873478324387}, "1": {"syntetic": 58.2239864378582, "dali-gpu": 55.47277025009304, "dali-cpu": 53.993998899063556, "pytorch": 42.05162602788847}}}, "val.compute_latency": {"1": {"64": {"syntetic": 0.14455938339233398, "dali-gpu": 0.14330585392153994, "dali-cpu": 0.1401011578890742, "pytorch": 0.141784702028547}, "32": {"syntetic": 0.07927686097670575, "dali-gpu": 0.0815172900958937, "dali-cpu": 0.0839884427129006, "pytorch": 0.07908458125834562}, "16": {"syntetic": 0.04355045484036815, "dali-gpu": 0.045228065276632506, "dali-cpu": 0.04539514074520189, "pytorch": 0.04911680854096705}, "8": {"syntetic": 0.02598496845790318, "dali-gpu": 0.027102536084700604, "dali-cpu": 0.02687384401048933, "pytorch": 0.026406580088089923}, "4": {"syntetic": 0.017311490311914562, "dali-gpu": 0.017997661415411502, "dali-cpu": 0.01917632988521031, "pytorch": 0.022233026368277415}, "2": {"syntetic": 0.017410694336404606, "dali-gpu": 0.018717320597901637, "dali-cpu": 0.01767597149829475, "pytorch": 0.022136688232421875}, "1": {"syntetic": 0.0171775331302565, "dali-gpu": 0.018046019028644174, "dali-cpu": 0.01854890706587811, "pytorch": 0.02400671219339176}}}}