{"train.total_ips": {"1": {"256": {"dali-cpu": 893.3140945776886}}, "8": {"256": {"dali-cpu": 6437.940835032943}}}}