{"train.total_ips": {"1": {"128": {"dali-cpu": 375.5242013175852}}, "8": {"128": {"dali-cpu": 2948.58555101491}}}}