{"train.total_ips": {"1": {"128": {"dali-cpu": 365.11857675973533}}, "8": {"128": {"dali-cpu": 2851.1044768142083}}}}