{"train.total_ips": {"1": {"256": {"dali-cpu": 847.7770677642912}}, "8": {"256": {"dali-cpu": 6146.565232738855}}}}