{"train.total_ips": {"1": {"256": {"dali-gpu": 895.9830663064326}}, "16": {"256": {"dali-gpu": 13265.560835286418}}}}