{"train.total_ips": {"1": {"128": {"dali-gpu": 389.8496942344988}}, "16": {"128": {"dali-gpu": 6011.938224201397}}}}