{"val.total_ips": {"1": {"64": {"syntetic": 441.5573147368875}}}, "val.compute_ips": {"1": {"64": {"syntetic": 441.6766672172216}}}, "val.compute_latency": {"1": {"64": {"syntetic": 0.14490724583061373}}}}