{"val.total_ips": {"1": {"64": {"syntetic": 440.4164207272661}}}, "val.compute_ips": {"1": {"64": {"syntetic": 440.5340349329893}}}, "val.compute_latency": {"1": {"64": {"syntetic": 0.1452811591479243}}}}