{"val.total_ips": {"1": {"64": {"syntetic": 463.5933505603644}}}, "val.compute_ips": {"1": {"64": {"syntetic": 463.7770057944036}}}, "val.compute_latency": {"1": {"64": {"syntetic": 0.13799807246850462}}}}