{"val.total_ips": {"1": {"64": {"syntetic": 412.95757669236446}}}, "val.compute_ips": {"1": {"64": {"syntetic": 413.07252431097044}}}, "val.compute_latency": {"1": {"64": {"syntetic": 0.15494140313596141}}}}