{"train.total_ips": {"1": {"128": {"dali-cpu": 311.36544259390837}}, "8": {"128": {"dali-cpu": 2385.0097949055676}}}}