{"train.total_ips": {"1": {"128": {"dali-cpu": 296.57419423077346}}, "8": {"128": {"dali-cpu": 2247.2390908016223}}}}