{"val.total_ips": {"1": {"64": {"dali-cpu": 446.80642873343555}}}, "val.compute_ips": {"1": {"64": {"dali-cpu": 476.7524997146693}}}, "val.compute_latency": {"1": {"64": {"dali-cpu": 0.13424524968984175}}}}