{"train.total_ips": {"1": {"64": {"dali-cpu": 146.301740675346}}, "8": {"64": {"dali-cpu": 1116.7393643719877}}}}