{"val.total_ips": {"1": {"64": {"dali-cpu": 461.59810611909023}}}, "val.compute_ips": {"1": {"64": {"dali-cpu": 466.1249650859293}}}, "val.compute_latency": {"1": {"64": {"dali-cpu": 0.1373054786604278}}}}