{"train.total_ips": {"1": {"64": {"dali-cpu": 142.68113874799724}}, "8": {"64": {"dali-cpu": 1094.456587939114}}}}