{"train.total_ips": {"1": {"128": {"dali-gpu": 305.9373587266229}}, "16": {"128": {"dali-gpu": 4272.9046233461895}}}}