{"train.total_ips": {"1": {"64": {"dali-gpu": 150.47442977636155}}, "16": {"64": {"dali-gpu": 2197.53165730217}}}}