{"train.total_ips": {"1": {"128": {"syntetic": 380.8237731769123, "dali-gpu": 376.44025813447865, "dali-cpu": 380.090953907822, "pytorch": 380.33625225510417}, "64": {"syntetic": 363.29437169507986, "dali-gpu": 361.8387017959672, "dali-cpu": 363.362586559797, "pytorch": 362.79377895685644}}, "8": {"128": {"syntetic": 2962.342022254272, "dali-gpu": -1.0, "dali-cpu": 2963.386578458535, "pytorch": 2932.3946870411896}, "64": {"syntetic": 2810.2118462214926, "dali-gpu": 2781.5196333762797, "dali-cpu": 2806.549847470596, "pytorch": 2791.075379361736}}}}