{"val.total_ips": {"1": {"64": {"syntetic": 478.5109911355215}}}, "val.compute_ips": {"1": {"64": {"syntetic": 478.5238432370386}}}, "val.compute_latency": {"1": {"64": {"syntetic": 0.13374651938068624}}}}