{"val.total_ips": {"1": {"64": {"syntetic": 485.583743331626}}}, "val.compute_ips": {"1": {"64": {"syntetic": 485.59765505131145}}}, "val.compute_latency": {"1": {"64": {"syntetic": 0.1318003815047595}}}}