{"val.total_ips": {"1": {"64": {"syntetic": 502.18013697337767}}}, "val.compute_ips": {"1": {"64": {"syntetic": 502.37250717016144}}}, "val.compute_latency": {"1": {"64": {"syntetic": 0.12739724529032803}}}}