{"val.total_ips": {"1": {"64": {"syntetic": 442.22808194171273}}}, "val.compute_ips": {"1": {"64": {"syntetic": 442.3654282054754}}}, "val.compute_latency": {"1": {"64": {"syntetic": 0.14468156804843824}}}}