{"train.total_ips": {"1": {"64": {"dali-cpu": 125.12250528813735}}, "8": {"64": {"dali-cpu": 961.353375432744}}}}