{"train.total_ips": {"1": {"128": {"dali-cpu": 263.437591142702}}, "8": {"128": {"dali-cpu": 2031.126870709177}}}}