{"val.total_ips": {"1": {"64": {"dali-cpu": 421.0416037267183}}}, "val.compute_ips": {"1": {"64": {"dali-cpu": 441.12470340232176}}}, "val.compute_latency": {"1": {"64": {"dali-cpu": 0.14508969199900723}}}}