{"train.total_ips": {"1": {"128": {"dali-cpu": 255.2139097147356}}, "8": {"128": {"dali-cpu": 1959.769089786921}}}}