{"val.total_ips": {"1": {"64": {"dali-cpu": 414.7102393278647}}}, "val.compute_ips": {"1": {"64": {"dali-cpu": 432.18823486022194}}}, "val.compute_latency": {"1": {"64": {"dali-cpu": 0.1480894526656793}}}}