{"train.total_ips": {"1": {"64": {"dali-cpu": 127.11119730962028}}, "8": {"64": {"dali-cpu": 975.8846640401903}}}}