{"val.total_ips": {"1": {"64": {"dali-gpu": 391.02958494194274}}}, "val.compute_ips": {"1": {"64": {"dali-gpu": 457.89778237894313}}}, "val.compute_latency": {"1": {"64": {"dali-gpu": 0.13977066594727186}}}}