{"train.total_ips": {"1": {"64": {"dali-gpu": 130.26091897786526}}, "16": {"64": {"dali-gpu": 1889.1047800451827}}}}