{"train.total_ips": {"1": {"128": {"dali-gpu": 261.5833230955715}}, "16": {"128": {"dali-gpu": 3763.680086590148}}}}